title,authors,first_publish_year,openlibrary_key
Memories of ice,Steven Erikson,2001,/works/OL5734773W
My soccer mom from Mars,Rita Book,2001,/works/OL3961985W
The Blade Itself,Joe Abercrombie,2001,/works/OL8400950W
The Book with No Pictures,B. J. Novak,2001,/works/OL17062865W
Mildred and Sam,Sharleen Collicott,2002,/works/OL3961963W
Shapes in the Sky,Josepha Sherman; Omarr Wesley,2003,/works/OL742483W
The Definitive Book of Body Language,Allan Pease; Barbara Pease,2004,/works/OL5599445W
The Ruins of Gorlan,John Flanagan,2004,/works/OL7988545W
Dean Koontz's Frankenstein,Dean Koontz; Kevin J. Anderson,2005,/works/OL497167W
Eldest,Christopher Paolini,2005,/works/OL5819886W
Pretties,Scott Westerfeld,2005,/works/OL547147W
The Burning Bridge,John Flanagan,2005,/works/OL7988536W
Bonehunters,Steven Erikson,2006,/works/OL5734753W
Charlotte's Web,Jennifer Frantz,2006,/works/OL221977W
"Dead Beat (The Dresden Files, Book 7)",Jim Butcher,2006,/works/OL5961772W
Marked,P. C. Cast; Kristin Cast,2007,/works/OL5805254W
Unwind,Neal Shusterman,2007,/works/OL1954412W
Amulet,Kazu Kibuishi,2008,/works/OL8842598W
The Graveyard Book,Neil Gaiman,2008,/works/OL679348W
"Beautiful Creatures (Beautiful Creatures Series, Book 1)",Kami Garcia; Margaret Stohl,2009,/works/OL13691568W
City of Glass,Cassandra Clare,2009,/works/OL15829843W
Shatter Me,Tahereh Mafi,2011,/works/OL16014245W
Scarlet,Marissa Meyer,2012,/works/OL17452055W
Words of Radiance,Brandon Sanderson,2012,/works/OL16813053W
March. Book One,John Lewis; Andrew Aydin; Nate Powell,2013,/works/OL18143575W
Senlin Ascends,Josiah Bancroft,2013,/works/OL19707566W
"After (After Series, Book 1)",Anna Todd,2014,/works/OL17719508W
"After We Collided (After Series, Book 2)",Anna Todd,2014,/works/OL20004814W
Cress,Marissa Meyer,2014,/works/OL17101027W
Ignite Me,Tahereh Mafi,2014,/works/OL16813331W
Our Fault,Mercedes Ron,2014,/works/OL24341413W
The Book of Life,Deborah Harkness,2014,/works/OL17782786W
Edgedancer,Brandon Sanderson,2016,/works/OL19631308W
Game of Thrones,Book Of Thrones,2017,/works/OL29103511W
The Library Book,Susan Orlean,2018,/works/OL17930369W
A Little Black Book,Graeme Jenkinson,2019,/works/OL24393283W
Defy Me (Shatter Me),Tahereh Mafi,2019,/works/OL20145719W
Everything is F*cked,Mark Manson; Carlos Ramos Malavé,2019,/works/OL20657486W
Sketch Book for Kids,Js Sketch Book,2019,/works/OL30312417W
The Rudest Book Ever,Shwetabh Gangwar,2019,/works/OL24350123W
Heartstopper Colouring Book,Alice Oseman,2020,/works/OL21694181W
Read People Like a Book,Patrick King,2020,/works/OL25291486W
Demon Slayer Coloring Book,sara coloring,2021,/works/OL31083343W
Leviathan Falls,James S. A. Corey,2021,/works/OL21704818W
The Comfort Book,Matt Haig,2021,/works/OL24653038W
Book Lovers,Emily Henry,2022,/works/OL24801992W
Lightlark,Alex Aster,2022,/works/OL27675299W
Summary the Psychology of Money,Book PRO,2022,/works/OL27907882W
The Book,Hungry Minds,2022,/works/OL37851715W
Yellowface,R. F. Kuang,2023,/works/OL29050559W
